{
  "per_dataset": {
    "heart": {
      "true_best_index": 29,
      "true_best_algo": "LogisticRegression",
      "true_best_accuracy": 0.9806862288464524,
      "pred_index": 7,
      "pred_algo": "SVM",
      "pred_accuracy": 0.947259742276044,
      "pred_confidence": 0.5440269708633423,
      "random_mean_accuracy": 0.9571308802980903,
      "cnn_regret": 0.033426486570408365,
      "random_regret": 0.023555348548362054,
      "match": false,
      "algo_match": false,
      "nearest_datasets": [
        "breast_cancer",
        "wine",
        "seeds"
      ]
    },
    "titanic": {
      "true_best_index": 18,
      "true_best_algo": "GradientBoosting",
      "true_best_accuracy": 0.969433476645901,
      "pred_index": 17,
      "pred_algo": "RandomForest",
      "pred_accuracy": 0.8915562574946623,
      "pred_confidence": 0.3767026364803314,
      "random_mean_accuracy": 0.9127577432657716,
      "cnn_regret": 0.07787721915123869,
      "random_regret": 0.05667573338012932,
      "match": false,
      "algo_match": false,
      "nearest_datasets": [
        "satimage",
        "yeast",
        "glass"
      ]
    },
    "spambase": {
      "true_best_index": 25,
      "true_best_algo": "GradientBoosting",
      "true_best_accuracy": 0.9580000000000002,
      "pred_index": 17,
      "pred_algo": "RandomForest",
      "pred_accuracy": 0.9525,
      "pred_confidence": 0.4073866307735443,
      "random_mean_accuracy": 0.9347,
      "cnn_regret": 0.005500000000000171,
      "random_regret": 0.02330000000000021,
      "match": false,
      "algo_match": false,
      "nearest_datasets": [
        "satimage",
        "yeast",
        "abalone"
      ]
    }
  },
  "aggregate": {
    "recommendation_accuracy": 0.0,
    "algorithm_selection_accuracy": 0.0,
    "mrr": 0.2738095238095238,
    "hit_rate_at_1": 0.0,
    "hit_rate_at_3": 0.3333333333333333,
    "mean_cnn_regret": 0.03893456857388241,
    "mean_random_regret": 0.03451036064283053
  }
}