Dataset,Samples,Features,Classes,Imbalance,Mean_Variance,Mean_Correlation,Mean_Skewness,Mean_Kurtosis,Sparsity,Target_Entropy,Feature_Sample_Ratio,Best_Model
BreastCancer,569,30,2,0.5938375350140056,15063.21854191329,0.39489662556591243,1.7358152690860298,7.735707011037054,0.0045694200351493845,0.6603163491952275,0.05272407732864675,RandomForest
Iris,150,4,3,1.0,1.1432392617449665,0.5941160257601554,0.0633645729547273,-0.7810487307582669,0.0,1.0986122886681096,0.02666666666666667,RandomForest
Wine,178,13,3,0.676056338028169,7645.500383967176,0.30495748135034884,0.3472107055606966,-0.026964671560117504,0.0,1.086038443640683,0.07303370786516854,RandomForest
Digits,1797,64,10,0.9508196721311475,18.78355800251099,0.12357652619047828,4.522685872217184,109.89496855231877,0.4892877017250974,2.302479220967876,0.035614913745130775,SVM
Pima,768,8,2,0.536,1893.0594716960932,0.1716567889709266,0.5282118837708745,2.749524196420433,0.12418619791666667,0.6467994206632901,0.010416666666666666,RandomForest
Titanic,891,1730,2,0.6229508196721312,39.8934919656587,0.00230350532869107,28.555927468627534,828.6399535268192,0.9950474559337757,0.6659119735267651,1.941638608305275,SVM
